﻿Designator,Footprint,Quantity,Value,LCSC Part #
"C1, C2, C3, C4, C5, C6, C7",C_Disc_D5.0mm_W2.5mm_P2.50mm,7,C,
J1,PinHeader_1x04_P2.00mm_Horizontal,1,M68_con,
J2,PinHeader_1x17_P2.00mm_Vertical,1,Column,
J3,PinHeader_1x09_P2.00mm_Vertical,1,row,
J4,JST_XH_S2B-XH-A-1_1x02_P2.50mm_Horizontal,1,PWR,
"R1, R2, R3, R4, R5",R_Axial_DIN0204_L3.6mm_D1.6mm_P7.62mm_Horizontal,5,R,
U1,DIP-14_W7.62mm_Socket_LongPads,1,74LS04,
U2,DIP-14_W7.62mm_Socket_LongPads,1,74LS32,
U3,DIP-16_W7.62mm_Socket_LongPads,1,74LS161,
U4,DIP-16_W7.62mm_Socket_LongPads,1,74LS166,
U5,DIP-14_W7.62mm_Socket_LongPads,1,74HC164,
U6,DIP-24_W15.24mm_Socket_LongPads,1,74159,
U7,DIP-14_W7.62mm_Socket_LongPads,1,74LS06,
