﻿Designator,Footprint,Quantity,Value,LCSC Part #
"D1, D10, D11, D12, D13, D14, D15, D16, D17, D18, D19, D2, D20, D21, D22, D23, D24, D25, D26, D27, D28, D29, D3, D30, D31, D32, D4, D5, D6, D7, D8, D9",D_DO-35_SOD27_P7.62mm_Horizontal,32,1N4148,
J1,PinHeader_1x09_P2.54mm_Vertical,1,From74159,
J2,PinHeader_1x10_P2.54mm_Vertical,1,To74166,
"R1, R2, R3, R4, R5, R6, R7, R8",R_Axial_DIN0207_L6.3mm_D2.5mm_P10.16mm_Horizontal,8,1k,
"SW1, SW10, SW11, SW12, SW13, SW14, SW15, SW16, SW17, SW18, SW19, SW2, SW20, SW21, SW22, SW23, SW24, SW25, SW26, SW27, SW28, SW29, SW3, SW30, SW31, SW32, SW4, SW5, SW6, SW7, SW8, SW9",TVBP06B043CWB,32,SW_Push,
